perturb_std,method,final_eval_success,final_eval_reward,final_eval_steps,auc_success,time_to_0_8,interactions_to_0_8,total_runs,skipped_runs,valid_runs,summary_excludes_skipped
0.0,full,1.0,1.0,14.0,1.0,0.0,4774.0,3,0,3,1
0.0,lora,1.0,1.0,14.0,1.0,0.0,3824.6666666666665,3,0,3,1
0.25,full,1.0,1.0,14.0,1.0,0.0,5716.333333333333,3,0,3,1
0.25,lora,1.0,1.0,14.0,1.0,0.0,4005.0,3,0,3,1
0.5,full,1.0,1.0,13.0,0.9367088607594937,3.3333333333333335,45784.0,3,0,3,1
0.5,lora,1.0,1.0,13.0,0.6729957805907173,28.333333333333332,325499.0,3,0,3,1
0.75,full,1.0,1.0,13.666666666666666,0.9578059071729959,5.0,44343.333333333336,3,0,3,1
0.75,lora,1.0,1.0,13.666666666666666,0.8839662447257384,10.0,81180.33333333333,3,0,3,1
