perturb_std,delta_final_success_lora_minus_full,delta_auc_lora_minus_full,delta_time_to_0_8_lora_minus_full,delta_interactions_to_0_8_lora_minus_full,lora_valid_runs,full_valid_runs,delta_excludes_skipped
0.0,0.0,0.0,0.0,-1032.3333333333335,3,3,1
0.25,-0.33333333333333337,0.03375527426160341,-26.333333333333332,-331171.3333333333,3,3,1
0.5,0.0,-0.10548523206751048,5.0,45308.66666666667,3,3,1
0.75,0.0,-0.03164556962025311,3.333333333333334,39809.99999999999,3,3,1
